City_ID,City,Lat,Lng,Max Temp,Humidity,Cloudiness,Wind Speed,Country,Date
0,papatowai,-46.5619,169.4708,8.32,64,100,1.43,NZ,2024-08-02 00:34:55
1,kattivakkam,13.2167,80.3167,29.52,76,100,3.92,IN,2024-08-02 00:34:56
2,semera,11.501,41.201,25.11,65,100,1.28,ET,2024-08-02 00:34:57
3,blackmans bay,-43.0167,147.3167,9.85,78,17,0.89,AU,2024-08-02 00:34:58
4,barrouallie,13.2333,-61.2667,26.01,76,97,2.07,VC,2024-08-02 00:34:59
5,sao joaquim,-28.2939,-49.9317,9.76,96,5,1.6,BR,2024-08-02 00:35:00
6,broome,42.2506,-75.833,25.43,61,63,0.45,US,2024-08-02 00:35:01
7,tsiombe,-25.3,45.4833,18.47,69,82,0.34,MG,2024-08-02 00:35:02
8,tazovsky,67.4667,78.7,15.37,88,76,4.32,RU,2024-08-02 00:35:03
9,shimoda,34.6667,138.95,28.95,70,8,3.82,JP,2024-08-02 00:35:05
10,tiksi,71.6872,128.8694,5.78,58,52,1.93,RU,2024-08-02 00:35:06
11,katsuura,35.1333,140.3,26.37,82,17,4.93,JP,2024-08-02 00:35:07
12,ushuaia,-54.8,-68.3,1.81,93,40,1.54,AR,2024-08-02 00:33:33
13,puerto natales,-51.7236,-72.4875,2.15,97,100,1.28,CL,2024-08-02 00:35:09
14,port lincoln,-34.7333,135.8667,11.99,56,99,7.86,AU,2024-08-02 00:35:10
15,constantia,44.1833,28.65,19.38,70,0,5.17,RO,2024-08-02 00:35:11
16,port-aux-francais,-49.35,70.2167,4.9,94,100,16.46,TF,2024-08-02 00:35:12
17,port elizabeth,-33.918,25.5701,12.95,86,0,3.09,ZA,2024-08-02 00:35:13
18,adamstown,-25.066,-130.1015,19.51,88,100,3.51,PN,2024-08-02 00:35:14
19,severomorsk,69.0689,33.4162,12.22,95,100,3.5,RU,2024-08-02 00:35:15
20,tolanaro,-25.0319,46.9987,18.04,82,20,2.06,MG,2024-08-02 00:33:12
21,bredasdorp,-34.5322,20.0403,7.91,90,94,2.47,ZA,2024-08-02 00:35:17
22,albany,42.6001,-73.9662,26.05,63,0,2.56,US,2024-08-02 00:31:16
23,udachny,66.4167,112.4,14.5,45,6,3.5,RU,2024-08-02 00:31:57
24,hengchun,22.0042,120.7439,29.63,80,4,6.89,TW,2024-08-02 00:35:22
25,nyakahanga,-1.6033,31.1414,17.46,66,50,1.45,TZ,2024-08-02 00:35:23
26,waitangi,-43.9535,-176.5597,9.34,80,74,4.92,NZ,2024-08-02 00:35:24
27,broken hill,-31.95,141.4333,14.4,39,100,6.95,AU,2024-08-02 00:32:00
28,luderitz,-26.6481,15.1594,14.27,36,0,4.13,NA,2024-08-02 00:35:26
29,yellowknife,62.456,-114.3525,15.23,66,75,5.14,CA,2024-08-02 00:35:27
30,invercargill,-46.4,168.35,8.46,68,26,0.8,NZ,2024-08-02 00:35:28
31,lebu,-37.6167,-73.65,10.42,96,100,5.22,CL,2024-08-02 00:35:29
32,ilulissat,69.2167,-51.1,3.01,100,40,0.0,GL,2024-08-02 00:35:30
33,san patricio,28.017,-97.5169,31.93,71,23,5.56,US,2024-08-02 00:35:31
34,sao gabriel da cachoeira,-0.1303,-67.0892,23.55,89,71,0.18,BR,2024-08-02 00:35:32
35,cabo san lucas,22.8909,-109.9124,32.61,62,40,4.12,MX,2024-08-02 00:33:13
36,cannonvale,-20.2833,148.7,21.99,58,0,7.48,AU,2024-08-02 00:35:34
37,holualoa,19.6228,-155.9522,25.91,75,100,4.12,US,2024-08-02 00:35:36
38,port mathurin,-19.6833,63.4167,22.26,76,1,3.69,MU,2024-08-02 00:35:38
39,bethel,41.3712,-73.414,27.79,82,22,1.47,US,2024-08-02 00:35:39
40,college,64.8569,-147.8028,13.99,79,100,3.6,US,2024-08-02 00:35:40
41,west island,-12.1568,96.8225,25.99,78,20,4.12,CC,2024-08-02 00:35:41
42,ghanzi,-21.5667,21.7833,15.81,26,5,4.55,BW,2024-08-02 00:35:42
43,klyuchi,52.2667,79.1667,23.67,52,0,2.24,RU,2024-08-02 00:35:43
44,tura,25.5198,90.2201,23.59,98,100,2.19,IN,2024-08-02 00:35:44
45,iqaluit,63.7506,-68.5145,5.85,70,75,3.09,CA,2024-08-02 00:35:45
46,chapaev,50.2,51.1667,19.48,55,9,3.92,KZ,2024-08-02 00:35:46
47,coquimbo,-29.9533,-71.3436,13.85,86,100,5.66,CL,2024-08-02 00:33:06
48,kone,-21.0595,164.8658,16.59,89,100,0.85,NC,2024-08-02 00:35:48
49,kailua-kona,19.6406,-155.9956,27.98,75,100,4.12,US,2024-08-02 00:31:06
50,kavaratti,10.5669,72.642,27.77,81,100,7.22,IN,2024-08-02 00:35:50
51,aasiaat,68.7098,-52.8699,1.14,90,76,1.35,GL,2024-08-02 00:35:51
52,ribeira grande,38.5167,-28.7,22.65,90,11,1.34,PT,2024-08-02 00:35:52
53,gazli,40.1333,63.45,28.81,19,0,4.92,UZ,2024-08-02 00:35:55
54,labrador city,52.9463,-66.9114,20.66,53,20,2.68,CA,2024-08-02 00:32:32
55,iskateley,67.6803,53.1512,13.91,91,10,4.98,RU,2024-08-02 00:33:09
56,entebbe,0.0644,32.4469,20.18,88,20,0.0,UG,2024-08-02 00:35:58
57,talnakh,69.4865,88.3972,19.05,52,86,0.88,RU,2024-08-02 00:35:59
58,stanley,54.868,-1.6985,14.84,95,0,1.13,GB,2024-08-02 00:36:01
59,prince george,53.9166,-122.753,25.34,35,0,1.03,CA,2024-08-02 00:36:02
60,qamdo,31.1667,97.2333,12.04,59,14,1.41,CN,2024-08-02 00:36:03
61,kogalym,62.2654,74.4791,17.16,93,100,6.49,RU,2024-08-02 00:35:16
62,gorlitz,51.1552,14.9885,20.7,77,100,1.01,DE,2024-08-02 00:36:05
63,toliara,-23.35,43.6667,16.8,76,0,4.92,MG,2024-08-02 00:36:06
64,znamenskoye,57.1281,73.8282,17.02,93,100,2.82,RU,2024-08-02 00:36:07
65,yichang,30.7144,111.2847,30.5,69,20,0.93,CN,2024-08-02 00:36:08
66,akom ii,2.7833,10.5667,20.74,94,100,0.92,CM,2024-08-02 00:36:09
67,maasin,10.1336,124.8447,27.36,71,99,1.67,PH,2024-08-02 00:36:11
68,grytviken,-54.2811,-36.5092,-2.93,84,100,5.14,GS,2024-08-02 00:36:12
69,pervomayskoye,43.919,46.7102,22.04,53,37,2.48,RU,2024-08-02 00:36:13
70,marrakesh,31.6315,-8.0083,31.86,48,40,2.57,MA,2024-08-02 00:35:02
71,wynyard,-41.0,145.7167,11.44,81,100,4.77,AU,2024-08-02 00:36:15
72,morong,14.5115,121.2393,30.6,80,89,0.72,PH,2024-08-02 00:36:16
73,las tablas,7.7667,-80.2833,25.1,99,100,2.37,PA,2024-08-02 00:36:17
74,viedma,-40.8135,-62.9967,14.85,81,100,5.21,AR,2024-08-02 00:36:18
75,zahedan,29.4963,60.8629,25.95,22,0,2.06,IR,2024-08-02 00:36:19
76,enewetak,11.3474,162.3373,28.74,75,95,4.67,MH,2024-08-02 00:36:20
77,aykhal,66.0,111.5,14.29,44,19,3.16,RU,2024-08-02 00:36:21
78,trevelin,-43.0858,-71.4639,3.71,97,100,1.66,AR,2024-08-02 00:36:22
79,upington,-28.4478,21.2561,8.21,21,0,1.03,ZA,2024-08-02 00:36:23
80,hammerfest,70.6634,23.6821,13.25,100,40,1.54,NO,2024-08-02 00:36:25
81,palmer,42.1584,-72.3287,27.34,67,27,0.48,US,2024-08-02 00:36:26
82,lang son,21.8333,106.7333,25.41,83,93,1.87,VN,2024-08-02 00:36:28
83,kandahar,31.0,65.75,27.97,53,100,4.09,AF,2024-08-02 00:36:29
84,tazacorte,28.629,-17.9293,23.42,78,75,7.2,ES,2024-08-02 00:36:30
85,ambon,-3.6954,128.1814,27.08,78,40,2.06,ID,2024-08-02 00:36:31
86,ebon,4.582,168.6964,28.21,75,84,2.97,MH,2024-08-02 00:36:32
87,quelimane,-17.8786,36.8883,23.02,61,100,2.05,MZ,2024-08-02 00:36:33
88,jamestown,42.097,-79.2353,25.8,83,0,2.57,US,2024-08-02 00:33:34
89,huntsville,34.7304,-86.5861,31.26,64,40,2.57,US,2024-08-02 00:36:28
90,yelizovo,53.1873,158.3805,23.08,60,75,4.0,RU,2024-08-02 00:36:37
91,karratha,-20.7377,116.8463,20.87,65,86,6.81,AU,2024-08-02 00:36:38
92,uacu cungo,-11.3634,15.1208,16.21,79,19,0.19,AO,2024-08-02 00:36:39
93,edinburgh of the seven seas,-37.0676,-12.3116,11.79,72,100,14.53,SH,2024-08-02 00:36:40
94,meadow lakes,61.6247,-149.6011,19.4,65,100,1.54,US,2024-08-02 00:36:41
95,isafjordur,66.0755,-23.124,5.44,96,100,5.54,IS,2024-08-02 00:36:42
96,valparaiso,-33.0393,-71.6273,13.8,70,75,6.69,CL,2024-08-02 00:35:37
97,lipkovo,42.1564,21.5853,15.57,27,0,0.8,MK,2024-08-02 00:36:45
98,santa terezinha,-29.9002,-50.0904,15.76,94,3,7.31,BR,2024-08-02 00:36:46
99,hermanus,-34.4187,19.2345,8.78,83,83,2.28,ZA,2024-08-02 00:36:47
100,cestos city,5.46,-9.5828,24.67,86,100,5.9,LR,2024-08-02 00:36:48
101,ust-nera,64.5667,143.2,6.28,88,100,3.07,RU,2024-08-02 00:36:49
102,plastun,44.7561,136.2939,30.21,64,62,0.9,RU,2024-08-02 00:36:50
103,atafu village,-8.5421,-172.5159,27.93,72,94,8.1,TK,2024-08-02 00:36:51
104,otjiwarongo,-20.4637,16.6477,13.41,28,0,2.31,NA,2024-08-02 00:36:52
105,kodiak,57.79,-152.4072,19.73,42,0,6.17,US,2024-08-02 00:32:57
106,margaret river,-33.95,115.0667,11.62,61,99,1.01,AU,2024-08-02 00:36:54
107,bilibino,68.0546,166.4372,9.79,43,8,4.01,RU,2024-08-02 00:33:11
108,saint-philippe,-21.3585,55.7679,19.77,77,66,4.33,RE,2024-08-02 00:36:56
109,sigli,5.3848,95.9609,27.39,78,100,1.86,ID,2024-08-02 00:36:57
110,kathu,7.9178,98.3332,30.39,88,83,0.76,TH,2024-08-02 00:36:59
111,vertientes,21.2594,-78.1464,29.34,83,11,5.57,CU,2024-08-02 00:37:00
112,sake,-1.5736,29.045,16.99,67,35,0.22,CD,2024-08-02 00:37:01
113,bardsir,29.9227,56.5743,24.47,21,24,1.43,IR,2024-08-02 00:37:02
114,morinville,53.8001,-113.652,29.15,37,12,3.13,CA,2024-08-02 00:37:04
115,kincardine,56.0667,-3.7167,16.01,93,63,1.51,GB,2024-08-02 00:36:28
116,khandyga,62.6667,135.6,12.75,60,43,2.41,RU,2024-08-02 00:37:06
117,sur,22.5667,59.5289,32.65,54,98,3.96,OM,2024-08-02 00:37:07
118,afaahiti,-17.75,-149.2833,24.93,64,22,6.23,PF,2024-08-02 00:37:08
119,ribeira brava,32.65,-17.0667,24.35,93,0,1.93,PT,2024-08-02 00:37:09
120,archangelos,36.2149,28.1149,24.99,72,0,1.99,GR,2024-08-02 00:37:10
121,manado,1.487,124.8455,31.43,58,20,2.57,ID,2024-08-02 00:37:11
122,saint-joseph,-21.3667,55.6167,19.21,77,86,3.31,RE,2024-08-02 00:37:12
123,kapa'a,22.0752,-159.319,28.18,63,20,5.14,US,2024-08-02 00:37:13
124,dunedin,-45.8742,170.5036,8.78,72,31,1.79,NZ,2024-08-02 00:32:27
125,olonkinbyen,70.9221,-8.7187,5.16,95,100,8.62,SJ,2024-08-02 00:37:15
126,nieuw amsterdam,5.8833,-55.0833,28.01,83,20,4.12,SR,2024-08-02 00:37:17
127,alice springs,-23.7,133.8833,15.75,31,55,1.54,AU,2024-08-02 00:37:18
128,alotau,-10.3069,150.4462,23.47,94,100,2.41,PG,2024-08-02 00:37:19
129,rio san juan,19.6439,-70.0763,24.6,90,62,2.83,DO,2024-08-02 00:37:21
130,touros,-5.1989,-35.4608,23.0,83,10,5.51,BR,2024-08-02 00:37:22
131,betare oya,5.6,14.0833,18.55,97,94,1.32,CM,2024-08-02 00:37:23
132,colares,38.7992,-9.4469,20.74,83,1,9.66,PT,2024-08-02 00:37:17
133,ust-tsilma,65.441,52.1498,14.26,88,0,1.7,RU,2024-08-02 00:37:25
134,al quwayrah,29.8004,35.3116,27.0,42,0,1.6,JO,2024-08-02 00:37:26
135,tucuma,-0.1833,-50.05,24.97,91,79,3.23,BR,2024-08-02 00:37:27
136,lihue,21.9789,-159.3672,27.77,66,20,5.14,US,2024-08-02 00:37:28
137,argo,37.6333,22.7333,22.66,41,0,1.78,GR,2024-08-02 00:37:29
138,punta arenas,-53.15,-70.9167,5.06,93,100,3.6,CL,2024-08-02 00:36:18
139,baiyin,36.5583,104.2081,17.86,76,100,5.44,CN,2024-08-02 00:37:31
140,nuku'alofa,-21.1333,-175.2,26.19,69,40,3.6,TO,2024-08-02 00:37:32
141,bengkulu,-3.8004,102.2655,24.82,88,16,2.05,ID,2024-08-02 00:37:33
142,saldanha,-33.0117,17.9442,6.03,84,59,3.63,ZA,2024-08-02 00:37:34
143,isoka,-10.1606,32.6335,10.46,68,0,0.31,ZM,2024-08-02 00:37:35
144,avarua,-21.2078,-159.775,23.03,53,75,2.06,CK,2024-08-02 00:37:36
145,yuzhno-kurilsk,44.0306,145.8556,18.29,87,99,3.88,RU,2024-08-02 00:37:37
146,el calafate,-50.3408,-72.2768,1.7,85,100,2.59,AR,2024-08-02 00:37:39
147,delta,5.5,6.0,22.98,96,100,1.44,NG,2024-08-02 00:37:40
148,anadyr,64.75,177.4833,8.28,81,100,8.94,RU,2024-08-02 00:37:41
149,lompoc,34.6391,-120.4579,22.69,75,0,7.2,US,2024-08-02 00:37:42
150,mana,5.6592,-53.7767,26.11,82,7,2.16,GF,2024-08-02 00:37:43
151,port alfred,-33.5906,26.891,12.32,91,100,0.89,ZA,2024-08-02 00:37:44
152,bousso,10.4795,16.7117,22.74,94,100,2.03,TD,2024-08-02 00:37:45
153,tereze,43.9361,42.4434,12.27,71,1,2.31,RU,2024-08-02 00:37:46
154,thompson,55.7435,-97.8558,23.09,46,40,8.75,CA,2024-08-02 00:37:48
155,miri,4.4148,114.0089,26.08,100,40,1.03,MY,2024-08-02 00:37:49
156,salekhard,66.53,66.6019,15.66,94,100,4.85,RU,2024-08-02 00:37:50
157,international falls,48.6011,-93.411,22.85,64,0,2.01,US,2024-08-02 00:37:51
158,benguela,-12.5763,13.4055,19.06,87,34,2.05,AO,2024-08-02 00:37:53
159,saipan,15.1355,145.701,29.39,84,75,2.57,MP,2024-08-02 00:37:54
160,barra,-11.0894,-43.1417,23.78,48,0,4.06,BR,2024-08-02 00:37:56
161,mil'kovo,55.6078,37.7956,15.35,74,98,3.69,RU,2024-08-02 00:37:57
162,barah,13.7,30.3667,24.41,74,82,5.45,SD,2024-08-02 00:37:58
163,saurimo,-9.6608,20.3916,16.4,25,3,1.81,AO,2024-08-02 00:37:59
164,islamkot,24.6997,70.177,28.1,85,100,8.59,PK,2024-08-02 00:38:00
165,wailua homesteads,22.0669,-159.378,27.44,65,20,5.14,US,2024-08-02 00:38:01
166,whitehorse,60.7161,-135.0538,17.79,55,75,5.14,CA,2024-08-02 00:38:02
167,las amilpas,16.3667,-94.6167,27.56,79,22,5.35,MX,2024-08-02 00:38:03
168,linxia chengguanzhen,35.6003,103.2064,17.64,74,100,3.45,CN,2024-08-02 00:38:05
169,malakwal,32.5536,73.2123,28.86,72,9,1.54,PK,2024-08-02 00:38:06
170,pico truncado,-46.7949,-67.9573,8.07,86,100,4.36,AR,2024-08-02 00:38:07
171,nova sintra,14.8667,-24.7167,24.96,74,66,6.7,CV,2024-08-02 00:38:08
172,codrington,-38.2667,141.9667,11.14,59,100,8.14,AU,2024-08-02 00:38:09
173,nerchinsk,51.9833,116.5833,23.24,21,7,3.1,RU,2024-08-02 00:38:10
174,hithadhoo,-0.6,73.0833,27.76,79,100,4.93,MV,2024-08-02 00:38:12
175,carnarvon,-24.8667,113.6333,16.27,58,82,8.14,AU,2024-08-02 00:37:12
176,revda,56.801,59.9303,12.27,97,98,1.67,RU,2024-08-02 00:38:14
177,kingston,17.997,-76.7936,25.65,73,75,1.54,JM,2024-08-02 00:37:11
178,smithers,54.7804,-127.1743,22.18,37,20,4.12,CA,2024-08-02 00:38:16
179,akonolinga,3.7667,12.25,19.43,99,100,1.49,CM,2024-08-02 00:38:17
180,ambovombe,-25.1667,46.0833,18.31,66,99,0.91,MG,2024-08-02 00:38:18
181,nema,57.5067,50.5011,14.42,90,100,1.11,RU,2024-08-02 00:38:19
182,bumba,2.1833,22.4667,22.81,82,90,1.33,CD,2024-08-02 00:38:20
183,vila franca do campo,37.7167,-25.4333,22.23,77,9,0.58,PT,2024-08-02 00:38:22
184,khovd,48.0056,91.6419,20.41,38,57,0.73,MN,2024-08-02 00:38:23
185,whangarei,-35.7317,174.3239,11.39,95,100,4.75,NZ,2024-08-02 00:38:24
186,geraldton,-28.7667,114.6,9.23,87,8,0.51,AU,2024-08-02 00:38:25
187,island harbour,50.724,-1.2758,18.88,69,0,0.89,GB,2024-08-02 00:38:26
188,la mure,44.9026,5.7866,19.97,90,0,1.36,FR,2024-08-02 00:38:27
189,vernon,50.2581,-119.2691,38.85,15,0,0.51,CA,2024-08-02 00:35:12
190,colby,39.3958,-101.0524,34.03,32,0,6.69,US,2024-08-02 00:38:29
191,keflavik,64.0049,-22.5624,10.24,81,75,4.12,IS,2024-08-02 00:38:30
192,kralendijk,12.15,-68.2667,28.99,79,0,8.23,BQ,2024-08-02 00:38:31
193,georgetown,5.4112,100.3354,27.96,77,20,1.03,MY,2024-08-02 00:35:05
194,zibo,36.7906,118.0633,29.36,67,0,3.04,CN,2024-08-02 00:35:01
195,tarawa,1.419,172.984,31.05,70,20,3.09,KI,2024-08-02 00:38:34
196,kajaani,64.2273,27.7285,11.03,100,75,2.06,FI,2024-08-02 00:38:35
197,artashat,39.9614,44.5445,23.12,79,1,2.0,AM,2024-08-02 00:38:36
198,uturoa,-16.7333,-151.4333,23.77,64,88,6.23,PF,2024-08-02 00:38:37
199,weno,7.4515,151.8468,29.97,79,100,4.63,FM,2024-08-02 00:38:38
200,arraial do cabo,-22.9661,-42.0278,21.95,73,0,8.02,BR,2024-08-02 00:38:41
201,kopargaon,19.8833,74.4833,23.87,87,100,5.76,IN,2024-08-02 00:38:42
202,curumani,9.1999,-73.5427,25.39,88,100,1.91,CO,2024-08-02 00:38:43
203,anar darah,32.7587,61.654,29.6,11,0,9.14,AF,2024-08-02 00:38:44
204,temiskaming shores,47.4938,-79.7153,27.89,62,6,1.32,CA,2024-08-02 00:38:45
205,utrik,11.2278,169.8474,28.27,76,31,2.39,MH,2024-08-02 00:38:46
206,sisimiut,66.9395,-53.6735,10.0,62,5,1.84,GL,2024-08-02 00:38:47
207,kristiansund,63.1115,7.732,13.36,76,0,2.06,NO,2024-08-02 00:37:40
208,petropavlovsk-kamchatsky,53.0452,158.6483,22.33,60,75,4.0,RU,2024-08-02 00:38:49
209,dudinka,69.4058,86.1778,17.04,57,70,1.35,RU,2024-08-02 00:38:50
210,kratie,12.4881,106.0188,25.86,92,100,0.68,KH,2024-08-02 00:38:51
211,prince rupert,54.3161,-130.3201,18.05,66,0,5.14,CA,2024-08-02 00:38:52
212,shahrak,34.1074,64.3052,12.19,39,0,2.39,AF,2024-08-02 00:38:53
213,chamba,32.5667,76.1333,25.12,81,46,1.34,IN,2024-08-02 00:38:55
214,ghadamis,30.1337,9.5007,30.0,22,0,2.73,LY,2024-08-02 00:38:57
215,greymouth,-42.4667,171.2,9.18,64,1,2.71,NZ,2024-08-02 00:38:58
216,boende,-0.2167,20.8667,23.61,78,8,1.13,CD,2024-08-02 00:38:59
217,borba,-4.3878,-59.5939,29.15,38,100,1.27,BR,2024-08-02 00:39:00
218,flying fish cove,-10.4217,105.6791,25.9,72,100,7.21,CX,2024-08-02 00:39:01
219,yeniseysk,58.4497,92.1703,17.24,86,100,1.89,RU,2024-08-02 00:39:02
220,golmarmara,38.7139,27.9142,19.57,66,0,0.74,TR,2024-08-02 00:39:03
221,cruzeiro do sul,-29.5128,-51.9853,20.85,87,3,1.74,BR,2024-08-02 00:39:04
222,puerto ayora,-0.7393,-90.3518,22.98,84,24,2.97,EC,2024-08-02 00:39:05
223,nizhnyaya tavda,57.6731,66.1725,15.64,95,1,1.83,RU,2024-08-02 00:39:06
224,mozarlandia,-14.7447,-50.5706,24.65,28,4,2.95,BR,2024-08-02 00:39:07
225,hagi,34.4,131.4167,31.75,67,30,3.32,JP,2024-08-02 00:39:08
226,ixtapa,20.7,-105.2,30.57,55,100,4.12,MX,2024-08-02 00:39:09
227,susuman,62.7833,148.1667,4.7,71,100,2.99,RU,2024-08-02 00:39:10
228,hawaiian paradise park,19.5933,-154.9731,28.74,68,100,5.14,US,2024-08-02 00:39:11
229,vilyuchinsk,52.9306,158.4028,23.15,78,100,2.43,RU,2024-08-02 00:39:13
230,uzgen,40.7699,73.3007,28.16,31,33,2.61,KG,2024-08-02 00:39:14
231,rongelap,11.1635,166.8941,28.41,76,11,2.49,MH,2024-08-02 00:39:15
232,boguchany,58.3814,97.4531,15.33,82,94,1.25,RU,2024-08-02 00:39:16
233,cockburn town,21.4612,-71.1419,28.12,80,100,9.32,TC,2024-08-02 00:39:18
234,vila velha,-20.3297,-40.2925,22.97,83,75,4.12,BR,2024-08-02 00:39:19
235,severo-yeniseyskiy,60.3725,93.0408,13.76,94,98,1.23,RU,2024-08-02 00:39:20
236,al ghayzah,16.2079,52.176,24.56,93,100,5.33,YE,2024-08-02 00:39:21
237,saint croix,17.7397,-64.7388,26.09,90,20,2.06,VI,2024-08-02 00:39:22
238,lanzhou,36.0564,103.7922,20.06,76,100,3.62,CN,2024-08-02 00:39:23
239,tindouf,27.6711,-8.1474,35.25,10,0,3.09,DZ,2024-08-02 00:39:24
240,mersa matruh,31.3525,27.2453,25.17,65,0,4.06,EG,2024-08-02 00:39:25
241,taulaga,-11.0553,-171.0883,27.13,67,64,7.14,AS,2024-08-02 00:39:26
242,spas-demensk,54.4122,34.0226,11.51,97,79,2.52,RU,2024-08-02 00:39:27
243,east london,-33.0153,27.9116,15.64,62,100,1.98,ZA,2024-08-02 00:39:29
244,hasaki,35.7333,140.8333,30.16,80,25,4.07,JP,2024-08-02 00:39:30
245,mendoza,-32.8908,-68.8272,11.74,66,0,1.54,AR,2024-08-02 00:37:11
246,kargasok,59.0556,80.8572,18.96,89,76,2.5,RU,2024-08-02 00:39:32
247,nadym,65.5333,72.5167,19.11,64,9,3.34,RU,2024-08-02 00:39:33
248,sucre,-19.0333,-65.2627,14.26,35,0,2.67,BO,2024-08-02 00:39:34
249,karak city,31.1637,35.762,21.4,56,0,2.3,JO,2024-08-02 00:39:35
250,shingu,33.7333,135.9833,30.37,60,6,2.37,JP,2024-08-02 00:39:36
251,al mindak,20.1588,41.2834,21.78,47,82,1.71,SA,2024-08-02 00:39:37
252,orel,52.9658,36.0803,12.23,95,0,2.95,RU,2024-08-02 00:39:38
253,dryden,49.7833,-92.7503,28.16,42,0,3.6,CA,2024-08-02 00:39:21
254,faya-largeau,17.9257,19.1043,29.34,59,96,4.52,TD,2024-08-02 00:39:41
255,angaur state,6.906,134.13,28.88,75,21,5.04,PW,2024-08-02 00:39:42
256,yulinshi,38.2906,109.7494,27.21,50,100,4.34,CN,2024-08-02 00:39:43
257,alaghsas,17.0187,8.0168,27.41,57,100,2.61,NE,2024-08-02 00:39:44
258,comacchio,44.6975,12.1858,26.1,78,1,6.2,IT,2024-08-02 00:35:39
259,el granada,37.5027,-122.4694,28.58,74,40,10.29,US,2024-08-02 00:39:47
260,hadibu,12.65,54.0333,25.49,82,83,11.31,YE,2024-08-02 00:39:48
261,mahibadhoo,3.7833,72.9667,28.35,72,100,3.1,MV,2024-08-02 00:39:49
262,kudahuvadhoo,2.6708,72.8944,28.21,74,100,2.24,MV,2024-08-02 00:39:50
263,poltavka,54.3663,71.7632,20.19,75,100,3.66,RU,2024-08-02 00:39:51
264,hun,29.1268,15.9477,26.88,46,0,3.37,LY,2024-08-02 00:39:52
265,ta`u,-14.2336,-169.5144,25.97,65,36,8.45,AS,2024-08-02 00:39:53
266,fort bragg,35.139,-79.006,32.85,68,20,1.54,US,2024-08-02 00:39:54
267,steinbach,50.1667,8.5667,20.73,87,75,4.12,DE,2024-08-02 00:39:56
268,villa gesell,-37.2639,-56.973,15.59,88,100,6.73,AR,2024-08-02 00:39:57
269,nizhneudinsk,54.9076,99.0276,19.7,64,4,0.73,RU,2024-08-02 00:39:58
270,santo antonio,-6.3106,-35.4789,20.24,85,0,3.91,BR,2024-08-02 00:39:59
271,kuanda,56.3161,116.0806,17.6,87,100,1.72,RU,2024-08-02 00:40:00
272,namibe,-15.1961,12.1522,16.35,91,4,2.17,AO,2024-08-02 00:40:02
273,kiruna,67.8557,20.2251,11.51,94,100,4.63,SE,2024-08-02 00:40:03
274,tarfaya,27.9358,-12.9218,21.01,93,27,10.09,MA,2024-08-02 00:40:04
275,tapa,59.2606,25.9586,14.29,98,100,3.12,EE,2024-08-02 00:40:05
276,isna,25.2934,32.554,32.35,22,3,0.2,EG,2024-08-02 00:40:06
277,nemuro,43.3236,145.575,17.05,90,100,5.45,JP,2024-08-02 00:40:07
278,panaba,21.2833,-88.2667,26.53,88,99,5.14,MX,2024-08-02 00:40:08
279,dakhla,23.6848,-15.958,19.99,91,15,12.62,EH,2024-08-02 00:40:09
280,rivera,-30.9053,-55.5508,21.28,93,81,5.7,UY,2024-08-02 00:40:10
281,khowy,38.5503,44.9521,20.63,60,0,1.94,IR,2024-08-02 00:40:11
282,vorgashor,67.5833,63.95,16.53,83,76,4.36,RU,2024-08-02 00:40:13
283,ola,59.5833,151.2833,9.64,90,100,6.95,RU,2024-08-02 00:40:15
284,longyearbyen,78.2186,15.6401,11.91,76,0,1.03,SJ,2024-08-02 00:40:16
285,arteche,12.2645,125.4048,29.8,67,40,1.48,PH,2024-08-02 00:40:17
286,okola,4.0167,11.3833,19.67,96,100,1.94,CM,2024-08-02 00:40:18
287,sungai penuh,-2.0833,101.3833,21.28,89,100,1.85,ID,2024-08-02 00:40:19
288,shibirghan,36.6676,65.7529,28.37,14,0,5.22,AF,2024-08-02 00:40:20
289,labuan,5.2767,115.2417,27.2,83,20,1.03,MY,2024-08-02 00:40:21
290,es castell,39.8795,4.2854,26.38,94,40,2.06,ES,2024-08-02 00:40:22
291,jinchang,38.4953,102.1739,21.38,59,100,1.63,CN,2024-08-02 00:36:21
292,richards bay,-28.783,32.0377,18.74,76,1,6.22,ZA,2024-08-02 00:40:24
293,nabire,-3.3667,135.4833,27.59,79,72,1.64,ID,2024-08-02 00:40:25
294,bratsk,56.1325,101.6142,16.27,83,0,1.18,RU,2024-08-02 00:40:26
295,seryshevo,51.0933,128.3786,22.04,41,0,6.39,RU,2024-08-02 00:40:27
296,dor marunt,44.45,26.9167,20.09,53,3,1.07,RO,2024-08-02 00:40:29
297,zouerate,22.7187,-12.4521,33.63,7,0,3.67,MR,2024-08-02 00:40:30
298,aliveri,38.4167,24.0333,26.35,46,0,3.37,GR,2024-08-02 00:40:32
299,san antonio de pale,-1.4014,5.6325,22.66,77,100,5.24,GQ,2024-08-02 00:40:33
300,geoktschai,40.6531,47.7406,22.64,59,33,1.23,AZ,2024-08-02 00:40:35
301,missoula,47.0166,-113.8009,32.03,23,0,0.72,US,2024-08-02 00:40:36
302,crane,31.3974,-102.3501,34.89,25,0,9.18,US,2024-08-02 00:40:37
303,fortuna,40.5982,-124.1573,20.52,82,20,5.66,US,2024-08-02 00:40:38
304,deschutes river woods,43.9915,-121.3584,37.33,25,0,5.66,US,2024-08-02 00:40:39
305,as sulayyil,20.4607,45.5779,34.14,31,10,10.52,SA,2024-08-02 00:40:40
306,ciudad lazaro cardenas,17.9583,-102.2,28.82,74,95,2.06,MX,2024-08-02 00:40:41
307,muyinga,-2.8333,30.3333,14.21,53,5,1.41,BI,2024-08-02 00:40:42
308,kaa-khem,51.6833,94.7333,21.21,48,6,0.15,RU,2024-08-02 00:40:43
309,polyarnyy,69.1989,33.4478,9.93,96,100,3.84,RU,2024-08-02 00:40:44
310,fort st. john,56.2499,-120.8529,21.94,30,40,8.23,CA,2024-08-02 00:40:45
311,rodolfo sanchez taboada,31.7167,-116.5667,22.28,63,41,1.34,MX,2024-08-02 00:40:47
312,siwa oasis,29.2041,25.5195,27.97,44,0,3.34,EG,2024-08-02 00:40:48
313,coahuayana de hidalgo,18.7,-103.6583,28.05,80,98,0.52,MX,2024-08-02 00:40:49
314,baley,51.6,116.6333,20.51,22,7,2.7,RU,2024-08-02 00:40:50
315,akureyri,65.6835,-18.0878,10.96,87,75,4.12,IS,2024-08-02 00:40:51
316,balabac,7.9868,117.0645,24.4,93,100,2.01,PH,2024-08-02 00:40:53
317,urangan,-25.3,152.9,18.31,50,0,5.25,AU,2024-08-02 00:37:22
318,galveston,29.3669,-94.9669,32.27,76,0,4.63,US,2024-08-02 00:40:55
319,sarankhola,22.3082,89.7897,26.26,93,100,5.02,BD,2024-08-02 00:40:56
320,choyr,46.3611,108.3611,19.4,70,75,6.72,MN,2024-08-02 00:40:57
321,pisco,-13.7,-76.2167,16.12,88,75,5.66,PE,2024-08-02 00:40:58
322,vredendal,-31.6683,18.5012,8.31,92,100,0.58,ZA,2024-08-02 00:41:00
323,kendari,-3.945,122.4989,26.36,75,71,0.85,ID,2024-08-02 00:41:01
324,warrnambool,-38.3833,142.4833,10.54,60,100,7.79,AU,2024-08-02 00:41:03
325,qaqortoq,60.7167,-46.0333,5.58,86,19,2.02,GL,2024-08-02 00:36:17
326,kostomuksha,64.571,30.5767,11.43,98,85,2.32,RU,2024-08-02 00:41:05
327,tiznit,29.5833,-9.5,29.94,33,5,0.9,MA,2024-08-02 00:41:06
328,new norfolk,-42.7826,147.0587,11.07,62,18,1.53,AU,2024-08-02 00:41:07
329,kyzylorda,44.8528,65.5092,19.01,52,0,3.0,KZ,2024-08-02 00:41:08
330,buka,40.8108,69.1986,27.3,29,0,1.52,UZ,2024-08-02 00:41:09
331,haiku-pauwela,20.9219,-156.3051,27.34,67,40,11.32,US,2024-08-02 00:41:10
332,pakxan,18.3778,103.6601,23.17,98,100,2.48,LA,2024-08-02 00:41:11
333,shunyi,40.125,116.6453,26.97,89,100,1.0,CN,2024-08-02 00:41:12
334,saudarkrokur,65.7461,-19.6394,9.05,95,89,2.25,IS,2024-08-02 00:41:13
335,kupino,54.3663,77.2981,21.12,73,98,2.7,RU,2024-08-02 00:41:15
336,belmonte,-15.8631,-38.8828,22.04,87,18,3.25,BR,2024-08-02 00:41:16
337,mangaratiba,-22.9597,-44.0406,17.48,84,1,0.81,BR,2024-08-02 00:41:17
338,huarmey,-10.0681,-78.1522,18.01,84,46,3.45,PE,2024-08-02 00:41:18
339,marand,38.4329,45.7749,19.78,59,0,2.17,IR,2024-08-02 00:41:19
340,iron river,46.0927,-88.6423,23.42,95,98,1.99,US,2024-08-02 00:41:20
341,san luis de la loma,17.2706,-100.8939,28.23,79,72,2.42,MX,2024-08-02 00:41:21
342,lazdynai,54.9422,22.4897,10.75,96,12,2.12,RU,2024-08-02 00:41:22
343,harper,4.375,-7.7169,24.01,86,91,4.88,LR,2024-08-02 00:41:23
344,talodi,10.6325,30.3797,21.3,92,100,0.33,SD,2024-08-02 00:41:24
345,st. john's,47.5649,-52.7093,22.1,90,75,9.26,CA,2024-08-02 00:41:25
346,iwanai,42.9744,140.5089,29.29,63,30,1.74,JP,2024-08-02 00:41:26
347,castillos,-34.1667,-53.8333,18.59,78,94,4.86,UY,2024-08-02 00:41:28
348,jutai,-5.1833,-68.9,22.65,97,81,1.72,BR,2024-08-02 00:41:29
349,kujang-up,39.8672,126.0303,24.41,97,100,0.51,KP,2024-08-02 00:41:30
350,noumea,-22.2763,166.4572,19.99,76,100,3.02,NC,2024-08-02 00:41:31
351,guarapari,-20.6667,-40.4975,21.05,72,0,0.89,BR,2024-08-02 00:41:32
352,bel ombre,-4.6167,55.4167,25.91,83,40,4.12,SC,2024-08-02 00:41:33
353,conception bay south,47.4999,-52.9981,21.97,92,100,6.17,CA,2024-08-02 00:41:34
354,meadow lake,34.8014,-106.5436,32.01,19,100,2.74,US,2024-08-02 00:41:35
355,el campo,29.1966,-96.2697,31.82,70,0,3.6,US,2024-08-02 00:41:36
356,lazaro cardenas,17.9583,-102.2,28.82,74,95,2.06,MX,2024-08-02 00:41:38
357,mek'ele,13.4967,39.4753,15.8,87,100,0.37,ET,2024-08-02 00:41:39
358,doda,33.1333,75.5667,23.55,83,44,0.77,IN,2024-08-02 00:41:40
359,kachug,53.9606,105.8817,18.74,82,100,2.01,RU,2024-08-02 00:41:41
360,tateyama,34.9833,139.8667,27.36,77,10,2.17,JP,2024-08-02 00:41:42
361,birni n konni,13.7956,5.2553,28.28,68,100,3.81,NE,2024-08-02 00:41:43
362,klaksvik,62.2266,-6.589,12.51,99,100,10.2,FO,2024-08-02 00:41:44
363,raduzhny,62.0961,77.475,17.62,72,100,3.48,RU,2024-08-02 00:41:45
364,cabugao,17.7931,120.4578,29.94,72,9,1.93,PH,2024-08-02 00:41:46
365,krasnoshchekovo,51.6708,82.7289,21.12,64,4,2.3,RU,2024-08-02 00:41:48
366,la ronge,55.1001,-105.2842,23.14,35,40,7.72,CA,2024-08-02 00:41:49
367,flin flon,54.7682,-101.865,23.75,36,4,4.77,CA,2024-08-02 00:41:50
368,monte alegre,-2.0078,-54.0692,25.89,61,42,1.38,BR,2024-08-02 00:41:51
369,contamana,-7.3333,-75.0167,26.74,45,4,1.9,PE,2024-08-02 00:41:52
370,odda,60.0691,6.5457,13.76,81,0,0.74,NO,2024-08-02 00:41:53
371,calvinia,-31.4707,19.776,6.21,32,0,0.94,ZA,2024-08-02 00:41:54
372,bamboo flat,11.7,92.7167,27.05,89,75,0.51,IN,2024-08-02 00:41:55
373,caleta de carquin,-11.0925,-77.6267,17.89,83,10,2.88,PE,2024-08-02 00:41:56
374,plettenberg bay,-34.0527,23.3716,9.91,76,0,2.72,ZA,2024-08-02 00:41:57
375,timizart,36.8,4.2667,30.2,27,0,2.1,DZ,2024-08-02 00:41:58
376,itaituba,-4.2761,-55.9836,26.61,43,34,1.01,BR,2024-08-02 00:42:00
377,champerico,14.3,-91.9167,28.16,75,98,1.62,GT,2024-08-02 00:42:01
378,callao,-12.0667,-77.15,18.73,77,12,2.57,PE,2024-08-02 00:40:04
379,badger,64.8,-147.5333,13.95,77,100,3.6,US,2024-08-02 00:42:03
380,tadine,-21.55,167.8833,18.54,85,100,7.28,NC,2024-08-02 00:42:06
381,slave lake,55.2834,-114.769,21.99,53,0,2.06,CA,2024-08-02 00:42:07
382,laguna,38.421,-121.4238,39.8,19,0,4.63,US,2024-08-02 00:42:08
383,pandan,14.0453,124.1694,30.08,69,27,1.86,PH,2024-08-02 00:42:10
384,minas de marcona,-15.2119,-75.1103,11.81,86,61,3.41,PE,2024-08-02 00:42:11
385,antigonish,45.6169,-61.9986,22.86,95,100,2.24,CA,2024-08-02 00:42:12
386,trujillo,-8.116,-79.03,16.98,94,23,2.57,PE,2024-08-02 00:38:46
387,ulsteinvik,62.3432,5.8487,12.4,89,14,2.07,NO,2024-08-02 00:42:14
388,hamilton,39.1834,-84.5333,25.14,90,100,5.36,US,2024-08-02 00:41:44
389,jieshi,22.8134,115.8257,29.01,81,7,4.2,CN,2024-08-02 00:42:16
390,orotina,9.912,-84.5234,28.89,98,100,1.07,CR,2024-08-02 00:42:17
391,benavente,42.0025,-5.6783,19.81,64,5,2.24,ES,2024-08-02 00:42:18
392,antsiranana,-12.2787,49.2917,21.38,69,1,6.62,MG,2024-08-02 00:42:19
393,rio gallegos,-51.6226,-69.2181,2.03,100,100,4.12,AR,2024-08-02 00:42:21
394,senillosa,-39.0,-68.4167,8.88,42,100,2.07,AR,2024-08-02 00:42:22
395,campo verde,-20.4167,-54.0667,21.81,34,0,2.58,BR,2024-08-02 00:42:23
396,mili,6.0815,171.735,28.19,74,90,2.13,MH,2024-08-02 00:42:24
397,kabare,-2.4683,28.8242,17.17,56,56,0.55,CD,2024-08-02 00:42:25
398,acapulco de juarez,16.8634,-99.8901,29.9,79,75,5.66,MX,2024-08-02 00:37:28
399,puerto baquerizo moreno,-0.9,-89.6,19.59,88,62,3.74,EC,2024-08-02 00:42:27
400,languyan,5.2618,120.0807,26.95,82,100,1.14,PH,2024-08-02 00:42:28
401,togur,58.3631,82.8265,18.79,87,92,1.67,RU,2024-08-02 00:42:29
402,nagato,34.3833,131.2,31.22,71,50,4.46,JP,2024-08-02 00:42:31
403,sainte-menehould,49.0833,4.9,17.94,93,95,0.51,FR,2024-08-02 00:42:33
404,bardai,11.65,7.2333,22.03,92,100,3.09,NG,2024-08-02 00:42:36
405,sandwip,22.4678,91.4561,27.02,89,100,12.67,BD,2024-08-02 00:42:37
406,nar'yan-mar,67.6713,53.087,13.83,92,11,5.02,RU,2024-08-02 00:42:38
407,bonthe,7.5264,-12.505,24.43,91,100,4.58,SL,2024-08-02 00:42:39
408,lewistown,40.5992,-77.5714,29.19,86,0,0.0,US,2024-08-02 00:42:40
409,grand falls-windsor,48.9332,-55.6649,23.06,82,100,0.45,CA,2024-08-02 00:42:41
410,kagizman,40.1567,43.1342,15.15,86,9,1.8,TR,2024-08-02 00:42:42
411,olinda,-8.0089,-34.8553,25.85,69,40,7.2,BR,2024-08-02 00:42:43
412,ghat,24.9647,10.1728,29.16,23,12,1.16,LY,2024-08-02 00:42:44
413,tamiahua,21.2667,-97.45,27.06,84,93,2.14,MX,2024-08-02 00:42:45
414,tselinnoye,53.0833,85.6667,20.6,74,0,1.74,RU,2024-08-02 00:42:46
415,oblivskaya,48.5362,42.5014,19.14,41,89,3.26,RU,2024-08-02 00:42:48
416,metlili chaamba,32.2667,3.6333,33.52,16,0,2.57,DZ,2024-08-02 00:42:49
417,hirara,24.8,125.2833,31.15,84,40,3.6,JP,2024-08-02 00:42:50
418,liman,48.9884,37.8023,18.48,41,92,2.68,UA,2024-08-02 00:42:51
419,staszow,50.5631,21.1659,18.29,88,89,1.19,PL,2024-08-02 00:42:12
420,chibougamau,49.9168,-74.3659,22.79,78,75,0.0,CA,2024-08-02 00:42:53
421,shamva,-17.3116,31.5756,10.48,85,0,0.98,ZW,2024-08-02 00:42:54
422,koungheul,13.9833,-14.8,25.87,76,100,4.88,SN,2024-08-02 00:42:55
423,zhangatas,43.5667,69.75,28.38,24,0,3.88,KZ,2024-08-02 00:42:56
424,luba,3.4568,8.5547,24.9,85,100,4.16,GQ,2024-08-02 00:42:57
425,xiangyang,32.0422,112.1448,27.69,84,60,3.1,CN,2024-08-02 00:42:58
426,olyokminsk,60.3736,120.4264,18.53,36,88,1.94,RU,2024-08-02 00:43:00
427,mbeya,-8.9,33.45,9.69,84,15,2.79,TZ,2024-08-02 00:43:01
428,pimentel,-6.8367,-79.9342,18.16,82,100,6.69,PE,2024-08-02 00:43:02
429,salalah,17.0151,54.0924,24.05,100,100,3.09,OM,2024-08-02 00:43:03
430,peace river,56.2501,-117.286,25.17,35,0,5.66,CA,2024-08-02 00:39:33
431,fort mcmurray,56.7268,-111.381,24.77,38,75,4.63,CA,2024-08-02 00:43:05
432,quibdo,5.6947,-76.6611,25.19,94,100,0.0,CO,2024-08-02 00:43:06
433,igarka,67.4667,86.5833,16.06,75,100,3.53,RU,2024-08-02 00:43:07
434,tumaco,1.7986,-78.8156,25.11,82,90,2.41,CO,2024-08-02 00:43:08
435,la passe,45.5549,-0.8967,19.13,84,1,3.83,FR,2024-08-02 00:43:09
436,charqueada,-22.5097,-47.7781,17.21,40,0,1.17,BR,2024-08-02 00:43:10
437,sao miguel do araguaia,-13.275,-50.1628,24.58,27,2,3.09,BR,2024-08-02 00:43:11
438,princeville,45.7668,-61.2985,22.48,97,100,4.63,CA,2024-08-02 00:43:12
439,harstad,68.799,16.5293,13.78,95,100,1.83,NO,2024-08-02 00:43:13
440,dhidhdhoo,6.8833,73.1,28.45,76,100,5.29,MV,2024-08-02 00:43:14
441,aripuana,-9.1667,-60.6333,25.71,41,10,0.81,BR,2024-08-02 00:43:16
442,kankakee,41.15,-87.8667,26.92,83,75,0.0,US,2024-08-02 00:43:17
443,skovorodino,53.9833,123.9167,20.65,36,9,0.55,RU,2024-08-02 00:43:18
444,ancud,-41.8697,-73.8203,9.26,93,100,6.16,CL,2024-08-02 00:43:19
445,agbabu,6.5886,4.8343,22.75,98,100,0.85,NG,2024-08-02 00:43:20
446,kasongo-lunda,-6.4667,16.8167,20.88,55,27,1.03,CD,2024-08-02 00:43:21
447,la mira,18.035,-102.3266,28.02,77,98,2.1,MX,2024-08-02 00:43:23
448,sitka,57.0531,-135.33,15.94,72,75,2.57,US,2024-08-02 00:43:24
449,jumla,29.2747,82.1838,15.45,90,99,0.31,NP,2024-08-02 00:43:25
450,kyzyl,51.7,94.45,20.87,47,5,1.22,RU,2024-08-02 00:43:26
451,gadzhiyevo,69.2551,33.3362,10.0,97,100,3.97,RU,2024-08-02 00:43:27
452,mount isa,-20.7333,139.5,22.87,40,0,4.12,AU,2024-08-02 00:43:28
453,agat village,13.3886,144.6585,29.06,91,40,3.09,GU,2024-08-02 00:43:29
454,quellon,-43.1167,-73.6167,8.94,87,100,9.34,CL,2024-08-02 00:43:30
455,egilsstadir,65.2653,-14.3948,8.95,93,75,1.54,IS,2024-08-02 00:43:32
456,vilhena,-12.7406,-60.1458,23.19,37,1,1.44,BR,2024-08-02 00:43:33
457,mhamid,29.82,-5.72,32.72,12,1,2.75,MA,2024-08-02 00:43:34
458,n'dalatando,-9.2978,14.9116,14.99,91,73,0.51,AO,2024-08-02 00:43:35
459,neyshabur,36.2133,58.7958,25.5,35,5,1.67,IR,2024-08-02 00:43:36
460,dalandzadgad,43.5708,104.425,20.41,61,5,6.65,MN,2024-08-02 00:43:37
461,port douglas,-16.4833,145.4667,21.77,75,54,4.78,AU,2024-08-02 00:38:46
462,port saint john's,-31.6229,29.5448,17.03,60,100,2.17,ZA,2024-08-02 00:38:56
463,gazi,35.3253,25.0669,23.11,69,20,1.54,GR,2024-08-02 00:43:40
464,puerto armuelles,8.2833,-82.8667,26.72,88,100,1.34,PA,2024-08-02 00:43:41
465,aras-asan,8.8908,126.3033,26.18,86,100,2.39,PH,2024-08-02 00:43:42
466,hirakud,21.5167,83.8667,23.49,97,100,4.63,IN,2024-08-02 00:43:43
467,hotan,37.0997,79.9269,28.05,28,5,4.59,CN,2024-08-02 00:43:44
468,ustka,54.5805,16.8619,9.8,72,4,2.34,PL,2024-08-02 00:43:45
469,cill airne,52.05,-9.5167,16.11,98,100,2.36,IE,2024-08-02 00:43:46
470,baotou,40.6522,109.8222,25.3,51,100,1.26,CN,2024-08-02 00:39:14
471,magistral'nyy,56.1725,107.4458,16.99,89,93,0.1,RU,2024-08-02 00:43:49
472,kikwit,-5.041,18.8162,27.78,34,99,0.94,CD,2024-08-02 00:43:50
473,kalmunai,7.4167,81.8167,27.06,73,100,1.84,LK,2024-08-02 00:43:51
474,laurentides,46.4334,-74.9826,22.62,69,0,0.82,CA,2024-08-02 00:43:53
475,inhambane,-23.865,35.3833,18.39,79,0,2.38,MZ,2024-08-02 00:43:54
476,binhe,32.6883,112.8275,28.6,77,0,5.95,CN,2024-08-02 00:43:55
477,lepsy,46.235,78.9456,25.41,31,31,2.42,KZ,2024-08-02 00:43:56
478,i-n-salah,27.1935,2.4607,33.02,14,0,6.19,DZ,2024-08-02 00:43:57
479,anna regina,7.2644,-58.5077,26.84,77,42,2.53,GY,2024-08-02 00:43:58
480,kidal,18.4411,1.4078,32.32,41,45,3.22,ML,2024-08-02 00:43:59
481,kununurra,-15.7667,128.7333,26.99,28,5,5.14,AU,2024-08-02 00:44:00
482,yemva,62.59,50.8594,13.38,97,72,1.97,RU,2024-08-02 00:44:01
483,kakamega,0.2842,34.7523,17.29,91,100,1.55,KE,2024-08-02 00:44:02
484,gillette,44.2911,-105.5022,33.51,15,0,2.68,US,2024-08-02 00:44:05
485,pires do rio,-17.2997,-48.2794,20.83,44,17,1.96,BR,2024-08-02 00:44:06
486,nikolayevsk-on-amure,53.1406,140.73,19.16,59,28,2.59,RU,2024-08-02 00:40:10
487,baoding,38.8511,115.4903,30.57,69,5,2.06,CN,2024-08-02 00:44:08
488,shagonar,51.5333,92.8,19.05,53,8,0.34,RU,2024-08-02 00:44:09
489,midvagur,62.0511,-7.1939,12.46,100,100,5.66,FO,2024-08-02 00:44:10
490,sumbawa besar,-8.5,117.4333,29.64,56,6,1.77,ID,2024-08-02 00:44:11
491,ceeldheer,3.8488,47.1806,23.7,85,66,8.0,SO,2024-08-02 00:44:12
492,fale old settlement,-9.3852,-171.2468,27.59,68,0,7.95,TK,2024-08-02 00:44:13
493,koh kong,11.6175,102.9806,27.45,82,100,0.93,KH,2024-08-02 00:44:14
494,pipraich,26.8264,83.53,27.8,80,100,2.42,IN,2024-08-02 00:44:15
495,ketchikan,55.3422,-131.6461,20.26,49,40,5.66,US,2024-08-02 00:44:16
496,berdigestyakh,62.0989,126.6992,17.11,35,0,3.32,RU,2024-08-02 00:44:17
497,kupang,-10.1667,123.5833,29.32,61,20,6.69,ID,2024-08-02 00:44:18
498,sao tome,0.3365,6.7273,23.02,81,97,4.02,ST,2024-08-02 00:44:19
499,winnemucca,40.973,-117.7357,39.03,8,0,3.09,US,2024-08-02 00:44:21
500,howrah,22.5892,88.3103,28.0,94,100,4.12,IN,2024-08-02 00:44:22
501,palangkaraya,-2.2,113.8333,27.78,78,80,1.18,ID,2024-08-02 00:44:23
502,charlestown,-32.95,151.6667,16.69,77,100,1.79,AU,2024-08-02 00:44:24
503,carauari,-4.8828,-66.8958,26.94,61,74,1.43,BR,2024-08-02 00:44:25
504,laela,-8.5667,32.05,11.68,60,0,0.51,TZ,2024-08-02 00:44:26
505,lithgow,-33.4833,150.15,7.03,88,56,2.55,AU,2024-08-02 00:44:27
506,korla,41.7597,86.1469,28.1,37,0,0.81,CN,2024-08-02 00:44:28
507,shenjiamen,29.9576,122.298,28.97,85,0,4.1,CN,2024-08-02 00:44:29
508,korablino,53.9164,40.0133,12.05,96,100,3.34,RU,2024-08-02 00:44:30
509,margate,51.3813,1.3862,17.39,89,40,1.93,GB,2024-08-02 00:41:37
510,pemba,-12.974,40.5178,22.39,94,20,5.36,MZ,2024-08-02 00:44:32
511,najran,17.4924,44.1277,30.36,45,100,3.78,SA,2024-08-02 00:44:33
512,briviesca,42.5499,-3.3232,17.08,98,32,2.15,ES,2024-08-02 00:44:34
513,chonchi,-42.6128,-73.8092,8.56,92,100,4.56,CL,2024-08-02 00:44:35
514,kirakira,-10.4544,161.9205,28.99,73,30,5.05,SB,2024-08-02 00:44:36
515,cedeira,43.6797,-8.0209,17.76,51,20,3.46,ES,2024-08-02 00:44:38
516,pokrovsk,48.282,37.1758,16.5,45,8,3.59,UA,2024-08-02 00:44:39
517,happy valley-goose bay,53.3168,-60.3315,17.17,88,75,5.66,CA,2024-08-02 00:44:40
518,thurles,52.6819,-7.8022,15.82,92,68,3.2,IE,2024-08-02 00:44:41
519,pudozh,61.8099,36.5345,14.69,88,100,1.67,RU,2024-08-02 00:44:42
520,vilyuysk,63.7553,121.6247,16.64,44,0,0.79,RU,2024-08-02 00:44:43
521,jindabyne,-36.4167,148.6333,8.1,54,6,0.45,AU,2024-08-02 00:44:44
522,jayapura,-2.5333,140.7,30.66,69,14,1.58,ID,2024-08-02 00:44:45
523,buon ma thuot,12.6667,108.05,24.42,88,65,0.87,VN,2024-08-02 00:44:46
524,kenscoff,18.4506,-72.2869,16.04,91,100,2.75,HT,2024-08-02 00:44:47
525,bilokurakyne,49.5341,38.7307,15.99,52,72,2.8,UA,2024-08-02 00:44:48
526,kapuskasing,49.4169,-82.4331,26.0,65,75,5.66,CA,2024-08-02 00:44:01
527,sierpc,52.8568,19.6691,12.75,78,84,2.93,PL,2024-08-02 00:44:50
528,papao,-17.75,-149.55,25.82,66,3,6.94,PF,2024-08-02 00:44:51
529,lewisburg,35.4492,-86.7889,30.44,72,100,1.87,US,2024-08-02 00:41:05
530,nguti,5.3299,9.4185,22.29,97,100,0.88,CM,2024-08-02 00:44:53
531,usinsk,65.9939,57.5281,15.23,86,23,4.45,RU,2024-08-02 00:44:54
532,mejit,10.2753,170.8646,28.57,70,11,3.1,MH,2024-08-02 00:44:56
533,lisala,2.15,21.5167,21.49,94,28,1.37,CD,2024-08-02 00:44:57
534,asau,46.4333,26.4,18.51,59,100,1.54,RO,2024-08-02 00:44:58
535,wlodawa,51.55,23.55,14.99,44,2,2.07,PL,2024-08-02 00:44:59
536,sodra sandby,56.5667,16.6167,13.83,83,100,2.27,SE,2024-08-02 00:45:00
537,borazjan,29.2666,51.2159,34.03,30,11,0.96,IR,2024-08-02 00:45:01
538,hovd,48.0056,91.6419,20.41,38,57,0.73,MN,2024-08-02 00:45:02
539,muisne,0.6,-80.0333,24.25,83,100,1.51,EC,2024-08-02 00:45:03
540,bam,29.106,58.357,32.82,13,10,5.78,IR,2024-08-02 00:45:05
541,kwang binh,17.4833,106.6,26.91,80,100,3.09,VN,2024-08-02 00:45:07
542,bandundu,-3.3167,17.3667,24.92,44,100,1.39,CD,2024-08-02 00:45:09
543,nouadhibou,20.931,-17.0347,22.99,78,0,10.29,MR,2024-08-02 00:45:10
544,singleton,-32.5667,151.1833,11.62,96,100,1.35,AU,2024-08-02 00:45:11
545,martinsville,36.6915,-79.8725,28.43,75,0,1.54,US,2024-08-02 00:45:12
546,kamaishi,39.2667,141.8833,26.44,76,38,3.01,JP,2024-08-02 00:45:13
547,spokoynaya,44.2468,41.4015,14.73,73,0,2.52,RU,2024-08-02 00:45:14
548,sao jose da coroa grande,-8.8978,-35.1478,24.45,70,0,6.51,BR,2024-08-02 00:45:15
549,hobyo,5.3505,48.5268,24.5,80,74,11.57,SO,2024-08-02 00:45:16
550,kayes,14.0,-11.0,26.24,78,100,2.82,ML,2024-08-02 00:45:17
551,maintirano,-18.0667,44.0167,20.65,81,79,2.79,MG,2024-08-02 00:45:18
552,thoubal,24.6333,94.0167,22.62,97,100,0.54,IN,2024-08-02 00:45:20
553,belo sur tsiribihina,-19.7,44.55,15.11,50,0,1.51,MG,2024-08-02 00:45:22
554,cookstown,54.6431,-6.746,15.99,96,99,2.25,GB,2024-08-02 00:45:24
555,rawson,-43.3002,-65.1023,13.77,53,100,7.71,AR,2024-08-02 00:45:25
556,kongolo,-5.3833,27.0,23.34,32,38,0.68,CD,2024-08-02 00:45:26
557,paka,4.6374,103.4368,27.11,80,82,1.49,MY,2024-08-02 00:45:27
558,plaza huincul,-38.926,-69.2086,15.08,10,100,2.24,AR,2024-08-02 00:45:28
559,victorica,-36.2151,-65.4359,15.34,79,100,4.09,AR,2024-08-02 00:45:29
560,dean funes,-30.4204,-64.3498,23.01,44,100,4.94,AR,2024-08-02 00:45:30
561,hami,42.8,93.45,30.13,25,49,5.83,CN,2024-08-02 00:45:31
562,brookings,44.3114,-96.7984,27.28,76,0,1.91,US,2024-08-02 00:42:04
563,nadvoitsy,63.8667,34.3167,10.89,98,100,2.76,RU,2024-08-02 00:45:33
564,busayra,30.7376,35.6078,21.95,49,0,2.13,JO,2024-08-02 00:45:34
565,rabo de peixe,37.8,-25.5833,20.73,83,20,1.03,PT,2024-08-02 00:45:35
566,termoli,41.9888,14.9895,26.71,57,0,2.53,IT,2024-08-02 00:45:36
567,salinopolis,-0.6136,-47.3561,26.77,78,14,4.74,BR,2024-08-02 00:41:48
568,galliano,29.4422,-90.2992,31.11,79,0,0.0,US,2024-08-02 00:45:39
569,enterprise,36.0252,-115.2419,40.74,22,0,4.12,US,2024-08-02 00:45:40
570,csurgo,46.2531,17.1006,22.79,94,100,3.67,HU,2024-08-02 00:45:41
571,thunder bay,48.4001,-89.3168,27.99,65,75,3.6,CA,2024-08-02 00:45:42
572,mont-dore,-22.2833,166.5833,19.99,82,100,2.47,NC,2024-08-02 00:45:43
573,bakchar,57.0186,82.0711,19.41,93,98,1.37,RU,2024-08-02 00:45:44
574,masterton,-40.9597,175.6575,7.83,86,91,3.77,NZ,2024-08-02 00:45:45
575,piti village,13.4626,144.6933,29.03,91,40,3.09,GU,2024-08-02 00:45:46
576,bull savanna,17.8868,-77.5902,25.69,78,99,1.94,JM,2024-08-02 00:45:47
577,borogontsy,62.6683,131.1683,14.2,41,0,2.05,RU,2024-08-02 00:45:48
578,anloga,5.7947,0.8973,24.35,88,98,5.71,GH,2024-08-02 00:45:49
579,ponta delgada,37.7333,-25.6667,21.4,83,20,1.03,PT,2024-08-02 00:45:50
580,amble,55.3333,-1.5833,13.42,94,100,1.54,GB,2024-08-02 00:45:51
581,ar ruways,24.1103,52.7306,32.82,57,17,4.07,AE,2024-08-02 00:45:52
582,sao borja,-28.6606,-56.0044,21.08,72,93,6.92,BR,2024-08-02 00:45:53
583,wainwright,52.839,-110.8572,27.33,32,0,4.34,CA,2024-08-02 00:45:54
